,Height,RewardFee,Transactions,blockchain,nonce,time,Time,AvgFee/Tx
0,786880,0.0,1,DASH.main,0,2017-12-14T05:59:55Z,2017-12-14 05:59:55,0.0
1,786879,0.04738625,31,DASH.main,0,2017-12-14T05:59:49Z,2017-12-14 05:59:49,0.0015285887096774193
2,786878,0.015655350000000002,72,DASH.main,0,2017-12-14T05:54:38Z,2017-12-14 05:54:38,0.0002174354166666667
3,786877,0.02077573,35,DASH.main,0,2017-12-14T05:48:15Z,2017-12-14 05:48:15,0.0005935922857142857
4,786876,3.821e-05,2,DASH.main,0,2017-12-14T05:42:42Z,2017-12-14 05:42:42,1.9105e-05
5,786875,0.00380211,16,DASH.main,0,2017-12-14T05:42:39Z,2017-12-14 05:42:39,0.000237631875
6,786874,0.00246176,7,DASH.main,0,2017-12-14T05:39:37Z,2017-12-14 05:39:37,0.00035168
7,786873,0.0007430000000000001,7,DASH.main,0,2017-12-14T05:39:08Z,2017-12-14 05:39:08,0.00010614285714285715
8,786872,0.02576898,21,DASH.main,0,2017-12-14T05:37:43Z,2017-12-14 05:37:43,0.0012270942857142858
9,786871,0.02302678,110,DASH.main,0,2017-12-14T05:35:36Z,2017-12-14 05:35:36,0.00020933436363636363
10,786870,0.01421919,48,DASH.main,0,2017-12-14T05:21:19Z,2017-12-14 05:21:19,0.000296233125
11,786869,0.00280333,13,DASH.main,0,2017-12-14T05:16:36Z,2017-12-14 05:16:36,0.00021564076923076924
12,786868,0.00102316,3,DASH.main,0,2017-12-14T05:13:40Z,2017-12-14 05:13:40,0.00034105333333333334
13,786867,0.00972678,41,DASH.main,0,2017-12-14T05:12:41Z,2017-12-14 05:12:41,0.00023723853658536587
14,786866,0.0062223700000000005,21,DASH.main,0,2017-12-14T05:06:24Z,2017-12-14 05:06:24,0.00029630333333333336
15,786865,0.00079454,8,DASH.main,0,2017-12-14T05:03:34Z,2017-12-14 05:03:34,9.93175e-05
16,786864,0.00323038,13,DASH.main,0,2017-12-14T05:02:18Z,2017-12-14 05:02:18,0.0002484907692307692
17,786863,0.014416390000000001,48,DASH.main,0,2017-12-14T05:00:28Z,2017-12-14 05:00:28,0.00030034145833333334
0,786862,0.01475974,19,DASH.main,0,2017-12-14T04:52:24Z,2017-12-14 04:52:24,0.0007768284210526316
1,786861,0.01191516,10,DASH.main,0,2017-12-14T04:50:33Z,2017-12-14 04:50:33,0.001191516
2,786860,0.00136825,10,DASH.main,0,2017-12-14T04:48:13Z,2017-12-14 04:48:13,0.000136825
3,786859,0.0,1,DASH.main,0,2017-12-14T04:47:11Z,2017-12-14 04:47:11,0.0
4,786858,0.0002,2,DASH.main,0,2017-12-14T04:47:05Z,2017-12-14 04:47:05,0.0001
5,786857,0.00022304,4,DASH.main,0,2017-12-14T04:47:01Z,2017-12-14 04:47:01,5.576e-05
6,786856,0.00404241,14,DASH.main,0,2017-12-14T04:46:19Z,2017-12-14 04:46:19,0.0002887435714285714
7,786855,0.01064397,40,DASH.main,0,2017-12-14T04:44:27Z,2017-12-14 04:44:27,0.00026609925000000003
8,786854,0.00286335,10,DASH.main,0,2017-12-14T04:38:29Z,2017-12-14 04:38:29,0.00028633500000000003
9,786853,0.0,1,DASH.main,0,2017-12-14T04:36:47Z,2017-12-14 04:36:47,0.0
10,786852,0.00010496,3,DASH.main,0,2017-12-14T04:36:43Z,2017-12-14 04:36:43,3.498666666666667e-05
11,786851,0.00028700000000000004,3,DASH.main,0,2017-12-14T04:36:15Z,2017-12-14 04:36:15,9.566666666666666e-05
12,786850,0.00387695,31,DASH.main,0,2017-12-14T04:36:04Z,2017-12-14 04:36:04,0.00012506290322580646
13,786849,0.0002695,12,DASH.main,0,2017-12-14T04:33:09Z,2017-12-14 04:33:09,2.245833333333333e-05
14,786848,0.00129036,7,DASH.main,0,2017-12-14T04:33:06Z,2017-12-14 04:33:06,0.00018433714285714288
15,786847,0.00100511,9,DASH.main,0,2017-12-14T04:32:59Z,2017-12-14 04:32:59,0.00011167888888888891
16,786846,0.08438949,44,DASH.main,0,2017-12-14T04:31:46Z,2017-12-14 04:31:46,0.0019179429545454548
17,786845,0.00017163,4,DASH.main,0,2017-12-14T04:28:57Z,2017-12-14 04:28:57,4.29075e-05
18,786844,0.00079674,3,DASH.main,0,2017-12-14T04:28:03Z,2017-12-14 04:28:03,0.00026558
19,786843,0.0007480000000000001,2,DASH.main,0,2017-12-14T04:27:35Z,2017-12-14 04:27:35,0.00037400000000000004
20,786842,0.00182692,11,DASH.main,0,2017-12-14T04:27:31Z,2017-12-14 04:27:31,0.00016608363636363638
21,786841,0.01769905,14,DASH.main,0,2017-12-14T04:25:26Z,2017-12-14 04:25:26,0.0012642178571428573
22,786840,0.0028233200000000003,14,DASH.main,0,2017-12-14T04:22:21Z,2017-12-14 04:22:21,0.0002016657142857143
23,786839,0.00444973,14,DASH.main,0,2017-12-14T04:20:36Z,2017-12-14 04:20:36,0.0003178378571428572
24,786838,0.00057908,7,DASH.main,0,2017-12-14T04:18:09Z,2017-12-14 04:18:09,8.27257142857143e-05
25,786837,0.00753874,43,DASH.main,0,2017-12-14T04:16:49Z,2017-12-14 04:16:49,0.00017531953488372093
26,786836,0.11011212,88,DASH.main,0,2017-12-14T04:08:49Z,2017-12-14 04:08:49,0.001251274090909091
27,786835,0.00982988,36,DASH.main,0,2017-12-14T03:56:44Z,2017-12-14 03:56:44,0.0002730522222222222
28,786834,0.00691025,15,DASH.main,0,2017-12-14T03:52:39Z,2017-12-14 03:52:39,0.0004606833333333333
29,786833,2.315e-05,2,DASH.main,0,2017-12-14T03:50:45Z,2017-12-14 03:50:45,1.1575e-05
30,786832,0.00257583,9,DASH.main,0,2017-12-14T03:50:13Z,2017-12-14 03:50:13,0.0002862033333333333
31,786831,0.02170019,62,DASH.main,0,2017-12-14T03:49:43Z,2017-12-14 03:49:43,0.00035000306451612903
32,786830,0.06502631,75,DASH.main,0,2017-12-14T03:39:19Z,2017-12-14 03:39:19,0.0008670174666666668
33,786829,0.0012554,4,DASH.main,0,2017-12-14T03:31:39Z,2017-12-14 03:31:39,0.00031385
34,786828,0.0012423,5,DASH.main,0,2017-12-14T03:31:35Z,2017-12-14 03:31:35,0.00024846
35,786827,0.00147316,4,DASH.main,0,2017-12-14T03:31:01Z,2017-12-14 03:31:01,0.00036829
36,786826,0.01363882,36,DASH.main,0,2017-12-14T03:30:39Z,2017-12-14 03:30:39,0.0003788561111111112
37,786825,0.01550732,44,DASH.main,0,2017-12-14T03:25:36Z,2017-12-14 03:25:36,0.00035243909090909093
38,786824,0.00012790000000000002,2,DASH.main,0,2017-12-14T03:18:58Z,2017-12-14 03:18:58,6.395e-05
39,786823,0.00159488,7,DASH.main,0,2017-12-14T03:18:30Z,2017-12-14 03:18:30,0.00022784
40,786822,0.00153755,10,DASH.main,0,2017-12-14T03:16:49Z,2017-12-14 03:16:49,0.000153755
41,786821,0.00902481,20,DASH.main,0,2017-12-14T03:16:01Z,2017-12-14 03:16:01,0.0004512405
42,786820,2.315e-05,2,DASH.main,0,2017-12-14T03:13:32Z,2017-12-14 03:13:32,1.1575e-05
43,786819,0.00263402,12,DASH.main,0,2017-12-14T03:13:13Z,2017-12-14 03:13:13,0.00021950166666666665
44,786818,0.01275771,23,DASH.main,0,2017-12-14T03:09:40Z,2017-12-14 03:09:40,0.0005546830434782609
45,786817,0.008420100000000002,30,DASH.main,0,2017-12-14T03:06:00Z,2017-12-14 03:06:00,0.00028067
46,786816,0.00158109,7,DASH.main,0,2017-12-14T03:01:30Z,2017-12-14 03:01:30,0.00022587
47,786815,0.00044565,6,DASH.main,0,2017-12-14T03:00:18Z,2017-12-14 03:00:18,7.4275e-05
0,786814,0.06368797,29,DASH.main,0,2017-12-14T02:59:10Z,2017-12-14 02:59:10,0.002196136896551724
1,786813,0.00183227,17,DASH.main,0,2017-12-14T02:55:20Z,2017-12-14 02:55:20,0.00010778058823529412
2,786812,0.00577396,13,DASH.main,0,2017-12-14T02:52:55Z,2017-12-14 02:52:55,0.00044415076923076923
3,786811,0.03440927,36,DASH.main,0,2017-12-14T02:50:54Z,2017-12-14 02:50:54,0.0009558130555555556
4,786810,1e-05,2,DASH.main,0,2017-12-14T02:47:42Z,2017-12-14 02:47:42,5e-06
5,786809,0.00152476,4,DASH.main,0,2017-12-14T02:47:34Z,2017-12-14 02:47:34,0.00038119
6,786808,0.00464903,25,DASH.main,0,2017-12-14T02:47:23Z,2017-12-14 02:47:23,0.0001859612
7,786807,0.00798595,29,DASH.main,0,2017-12-14T02:44:24Z,2017-12-14 02:44:24,0.00027537758620689654
8,786806,0.00524565,23,DASH.main,0,2017-12-14T02:38:58Z,2017-12-14 02:38:58,0.00022807173913043485
9,786805,0.01953684,28,DASH.main,0,2017-12-14T02:35:54Z,2017-12-14 02:35:54,0.0006977442857142857
10,786804,0.0331364,13,DASH.main,0,2017-12-14T02:31:47Z,2017-12-14 02:31:47,0.0025489538461538463
11,786803,0.00047606,4,DASH.main,0,2017-12-14T02:29:58Z,2017-12-14 02:29:58,0.000119015
12,786802,0.05041232,33,DASH.main,0,2017-12-14T02:29:25Z,2017-12-14 02:29:25,0.0015276460606060607
13,786801,0.00550641,39,DASH.main,0,2017-12-14T02:25:12Z,2017-12-14 02:25:12,0.00014119
14,786800,0.06365548,47,DASH.main,0,2017-12-14T02:17:57Z,2017-12-14 02:17:57,0.001354371914893617
15,786799,0.04932618,27,DASH.main,0,2017-12-14T02:11:30Z,2017-12-14 02:11:30,0.0018268955555555558
16,786798,0.00115015,5,DASH.main,0,2017-12-14T02:06:46Z,2017-12-14 02:06:46,0.00023003
17,786797,0.01557974,27,DASH.main,0,2017-12-14T02:05:53Z,2017-12-14 02:05:53,0.0005770274074074074
18,786796,0.00106049,11,DASH.main,0,2017-12-14T02:02:27Z,2017-12-14 02:02:27,9.640818181818182e-05
19,786795,6.87e-05,4,DASH.main,0,2017-12-14T02:00:20Z,2017-12-14 02:00:20,1.7175e-05
20,786794,0.00635699,33,DASH.main,0,2017-12-14T02:00:05Z,2017-12-14 02:00:05,0.0001926360606060606
21,786793,0.00285488,6,DASH.main,0,2017-12-14T01:53:49Z,2017-12-14 01:53:49,0.0004758133333333334
22,786792,0.00012954,5,DASH.main,0,2017-12-14T01:53:30Z,2017-12-14 01:53:30,2.590800000000001e-05
23,786791,0.01373746,173,DASH.main,0,2017-12-14T01:52:40Z,2017-12-14 01:52:40,7.940728323699422e-05
24,786790,0.16877058,18,DASH.main,0,2017-12-14T01:47:02Z,2017-12-14 01:47:02,0.009376143333333331
25,786789,0.00072258,11,DASH.main,0,2017-12-14T01:43:53Z,2017-12-14 01:43:53,6.568909090909091e-05
26,786788,0.00646143,65,DASH.main,0,2017-12-14T01:41:44Z,2017-12-14 01:41:44,9.940661538461538e-05
27,786787,0.0040797,8,DASH.main,0,2017-12-14T01:34:08Z,2017-12-14 01:34:08,0.0005099625
28,786786,0.00015662,9,DASH.main,0,2017-12-14T01:31:21Z,2017-12-14 01:31:21,1.7402222222222222e-05
29,786785,0.0,1,DASH.main,0,2017-12-14T01:29:46Z,2017-12-14 01:29:46,0.0
30,786784,0.0,1,DASH.main,0,2017-12-14T01:29:37Z,2017-12-14 01:29:37,0.0
31,786783,0.01261406,194,DASH.main,0,2017-12-14T01:29:19Z,2017-12-14 01:29:19,6.502092783505154e-05
32,786782,6.944e-05,5,DASH.main,0,2017-12-14T01:21:44Z,2017-12-14 01:21:44,1.3888e-05
33,786781,0.0002,2,DASH.main,0,2017-12-14T01:20:41Z,2017-12-14 01:20:41,0.0001
34,786780,0.003901,26,DASH.main,0,2017-12-14T01:20:00Z,2017-12-14 01:20:00,0.00015003846153846155
35,786779,0.01017756,38,DASH.main,0,2017-12-14T01:16:13Z,2017-12-14 01:16:13,0.0002678305263157895
36,786778,0.01099793,55,DASH.main,0,2017-12-14T01:09:04Z,2017-12-14 01:09:04,0.0001999623636363636
0,786777,0.03513086,9,DASH.main,0,2017-12-14T00:57:40Z,2017-12-14 00:57:40,0.003903428888888889
1,786776,0.00500142,15,DASH.main,0,2017-12-14T00:56:00Z,2017-12-14 00:56:00,0.00033342800000000003
2,786775,0.00042189,10,DASH.main,0,2017-12-14T00:54:34Z,2017-12-14 00:54:34,4.2189e-05
3,786774,0.009328,33,DASH.main,0,2017-12-14T00:52:46Z,2017-12-14 00:52:46,0.00028266666666666663
4,786773,0.000904,3,DASH.main,0,2017-12-14T00:49:15Z,2017-12-14 00:49:15,0.00030133333333333336
5,786772,0.00070587,7,DASH.main,0,2017-12-14T00:48:54Z,2017-12-14 00:48:54,0.00010083857142857144
6,786771,0.0024676,13,DASH.main,0,2017-12-14T00:47:05Z,2017-12-14 00:47:05,0.0001898153846153846
7,786770,0.00560451,21,DASH.main,0,2017-12-14T00:44:08Z,2017-12-14 00:44:08,0.00026688142857142857
8,786769,0.00085742,11,DASH.main,0,2017-12-14T00:39:49Z,2017-12-14 00:39:49,7.794727272727272e-05
9,786768,0.00986857,27,DASH.main,0,2017-12-14T00:37:43Z,2017-12-14 00:37:43,0.00036550259259259264
10,786767,0.00189643,9,DASH.main,0,2017-12-14T00:33:01Z,2017-12-14 00:33:01,0.00021071444444444444
11,786766,0.00192108,9,DASH.main,0,2017-12-14T00:31:08Z,2017-12-14 00:31:08,0.00021345333333333327
12,786765,0.00368982,10,DASH.main,0,2017-12-14T00:30:16Z,2017-12-14 00:30:16,0.00036898199999999996
13,786764,0.01421838,10,DASH.main,0,2017-12-14T00:28:37Z,2017-12-14 00:28:37,0.001421838
14,786763,0.002936,4,DASH.main,0,2017-12-14T00:27:10Z,2017-12-14 00:27:10,0.0007340000000000001
15,786762,0.00037045,6,DASH.main,0,2017-12-14T00:26:52Z,2017-12-14 00:26:52,6.174166666666667e-05
16,786761,6.934e-05,4,DASH.main,0,2017-12-14T00:25:51Z,2017-12-14 00:25:51,1.7335e-05
17,786760,0.0,2,DASH.main,0,2017-12-14T00:24:54Z,2017-12-14 00:24:54,0.0
18,786759,6.559e-05,4,DASH.main,0,2017-12-14T00:24:41Z,2017-12-14 00:24:41,1.63975e-05
19,786758,0.00742039,25,DASH.main,0,2017-12-14T00:23:42Z,2017-12-14 00:23:42,0.0002968156
20,786757,0.00408291,22,DASH.main,0,2017-12-14T00:20:19Z,2017-12-14 00:20:19,0.00018558681818181818
21,786756,0.01271999,57,DASH.main,0,2017-12-14T00:17:55Z,2017-12-14 00:17:55,0.00022315771929824562
22,786755,0.00372074,39,DASH.main,0,2017-12-14T00:10:29Z,2017-12-14 00:10:29,9.540358974358976e-05
23,786754,4.711e-05,3,DASH.main,0,2017-12-14T00:09:30Z,2017-12-14 00:09:30,1.5703333333333333e-05
24,786753,0.00380589,14,DASH.main,0,2017-12-14T00:09:10Z,2017-12-14 00:09:10,0.00027184928571428573
25,786752,0.00345,9,DASH.main,0,2017-12-14T00:07:33Z,2017-12-14 00:07:33,0.0003833333333333333
26,786751,0.00666364,19,DASH.main,0,2017-12-14T00:06:15Z,2017-12-14 00:06:15,0.00035071789473684214
27,786750,0.02113179,64,DASH.main,0,2017-12-14T00:04:21Z,2017-12-14 00:04:21,0.00033018421875
28,786749,0.00912852,35,DASH.main,0,2017-12-14T00:00:14Z,2017-12-14 00:00:14,0.00026081485714285707
29,786748,0.00979893,17,DASH.main,0,2017-12-13T23:57:20Z,2017-12-13 23:57:20,0.0005764076470588235
30,786747,0.01125982,28,DASH.main,0,2017-12-13T23:55:24Z,2017-12-13 23:55:24,0.0004021364285714286
31,786746,0.00189847,9,DASH.main,0,2017-12-13T23:51:48Z,2017-12-13 23:51:48,0.00021094111111111111
32,786745,0.0052829800000000005,15,DASH.main,0,2017-12-13T23:50:47Z,2017-12-13 23:50:47,0.0003521986666666667
33,786744,0.00491175,34,DASH.main,0,2017-12-13T23:49:54Z,2017-12-13 23:49:54,0.00014446323529411766
34,786743,0.00399666,26,DASH.main,0,2017-12-13T23:44:21Z,2017-12-13 23:44:21,0.0001537176923076923
35,786742,0.04735736,27,DASH.main,0,2017-12-13T23:40:11Z,2017-12-13 23:40:11,0.0017539762962962965
36,786741,0.00429122,38,DASH.main,0,2017-12-13T23:36:51Z,2017-12-13 23:36:51,0.00011292684210526316
37,786740,0.00049818,4,DASH.main,0,2017-12-13T23:34:31Z,2017-12-13 23:34:31,0.000124545
38,786739,0.0009241,10,DASH.main,0,2017-12-13T23:33:57Z,2017-12-13 23:33:57,9.241e-05
39,786738,0.00216302,8,DASH.main,0,2017-12-13T23:33:07Z,2017-12-13 23:33:07,0.0002703775
40,786737,0.00767584,19,DASH.main,0,2017-12-13T23:31:39Z,2017-12-13 23:31:39,0.00040399157894736843
41,786736,0.02044405,92,DASH.main,0,2017-12-13T23:28:41Z,2017-12-13 23:28:41,0.00022221793478260874
42,786735,0.00862226,26,DASH.main,0,2017-12-13T23:13:14Z,2017-12-13 23:13:14,0.0003316253846153846
43,786734,0.00240244,9,DASH.main,0,2017-12-13T23:10:18Z,2017-12-13 23:10:18,0.0002669377777777778
44,786733,0.00334122,11,DASH.main,0,2017-12-13T23:09:50Z,2017-12-13 23:09:50,0.0003037472727272727
45,786732,0.001332,2,DASH.main,0,2017-12-13T23:08:09Z,2017-12-13 23:08:09,0.000666
46,786731,2.315e-05,2,DASH.main,0,2017-12-13T23:07:58Z,2017-12-13 23:07:58,1.1575e-05
47,786730,0.00624444,24,DASH.main,0,2017-12-13T23:07:53Z,2017-12-13 23:07:53,0.000260185
48,786729,0.00215736,14,DASH.main,0,2017-12-13T23:04:06Z,2017-12-13 23:04:06,0.00015409714285714288
49,786728,0.00047460000000000004,3,DASH.main,0,2017-12-13T23:02:37Z,2017-12-13 23:02:37,0.0001582
50,786727,0.00795091,39,DASH.main,0,2017-12-13T23:02:35Z,2017-12-13 23:02:35,0.0002038694871794872
51,786726,0.0,1,DASH.main,0,2017-12-13T22:59:20Z,2017-12-13 22:59:20,0.0
52,786725,2.304e-05,2,DASH.main,0,2017-12-13T22:59:15Z,2017-12-13 22:59:15,1.152e-05
53,786724,0.007982600000000001,26,DASH.main,0,2017-12-13T22:59:13Z,2017-12-13 22:59:13,0.00030702307692307687
54,786723,0.04039472,135,DASH.main,0,2017-12-13T22:57:33Z,2017-12-13 22:57:33,0.0002992201481481481
55,786722,0.00316014,14,DASH.main,0,2017-12-13T22:38:37Z,2017-12-13 22:38:37,0.00022572428571428568
56,786721,0.0006450200000000001,5,DASH.main,0,2017-12-13T22:37:32Z,2017-12-13 22:37:32,0.000129004
57,786720,0.02905819,54,DASH.main,0,2017-12-13T22:37:20Z,2017-12-13 22:37:20,0.0005381146296296297
58,786719,0.00248525,29,DASH.main,0,2017-12-13T22:31:23Z,2017-12-13 22:31:23,8.569827586206897e-05
59,786718,0.00114116,7,DASH.main,0,2017-12-13T22:28:33Z,2017-12-13 22:28:33,0.00016302285714285715
60,786717,0.00289017,22,DASH.main,0,2017-12-13T22:27:44Z,2017-12-13 22:27:44,0.00013137136363636364
61,786716,0.00746637,13,DASH.main,0,2017-12-13T22:24:42Z,2017-12-13 22:24:42,0.0005743361538461539
62,786715,0.00047515,3,DASH.main,0,2017-12-13T22:22:18Z,2017-12-13 22:22:18,0.00015838333333333335
63,786714,0.02778567,36,DASH.main,0,2017-12-13T22:21:31Z,2017-12-13 22:21:31,0.0007718241666666667
64,786713,0.00382859,5,DASH.main,0,2017-12-13T22:17:13Z,2017-12-13 22:17:13,0.0007657180000000001
65,786712,0.00367187,25,DASH.main,0,2017-12-13T22:16:59Z,2017-12-13 22:16:59,0.00014687480000000002
66,786711,0.0057985300000000005,14,DASH.main,0,2017-12-13T22:12:55Z,2017-12-13 22:12:55,0.0004141807142857144
67,786710,0.00250693,6,DASH.main,0,2017-12-13T22:11:20Z,2017-12-13 22:11:20,0.00041782166666666666
68,786709,0.00801232,21,DASH.main,0,2017-12-13T22:10:20Z,2017-12-13 22:10:20,0.0003815390476190476
69,786708,0.00150691,11,DASH.main,0,2017-12-13T22:07:10Z,2017-12-13 22:07:10,0.00013699181818181818
70,786707,0.00015928,4,DASH.main,0,2017-12-13T22:05:59Z,2017-12-13 22:05:59,3.982e-05
71,786706,0.0059867900000000005,21,DASH.main,0,2017-12-13T22:05:41Z,2017-12-13 22:05:41,0.00028508523809523816
72,786705,5.333e-05,2,DASH.main,0,2017-12-13T22:02:54Z,2017-12-13 22:02:54,2.6665e-05
73,786704,0.00041238,8,DASH.main,0,2017-12-13T22:02:33Z,2017-12-13 22:02:33,5.15475e-05
74,786703,0.03993373,39,DASH.main,0,2017-12-13T22:01:55Z,2017-12-13 22:01:55,0.001023941794871795
75,786702,0.02070928,24,DASH.main,0,2017-12-13T21:56:24Z,2017-12-13 21:56:24,0.0008628866666666666
76,786701,0.00809866,28,DASH.main,0,2017-12-13T21:54:22Z,2017-12-13 21:54:22,0.0002892378571428572
77,786700,0.02093753,63,DASH.main,0,2017-12-13T21:51:19Z,2017-12-13 21:51:19,0.00033234174603174603
78,786699,0.00512301,21,DASH.main,0,2017-12-13T21:42:36Z,2017-12-13 21:42:36,0.00024395285714285718
79,786698,0.00763319,16,DASH.main,0,2017-12-13T21:40:41Z,2017-12-13 21:40:41,0.000477074375
80,786697,0.00032158,4,DASH.main,0,2017-12-13T21:39:13Z,2017-12-13 21:39:13,8.0395e-05
81,786696,0.00109768,10,DASH.main,0,2017-12-13T21:38:40Z,2017-12-13 21:38:40,0.000109768
82,786695,0.00502,4,DASH.main,0,2017-12-13T21:37:47Z,2017-12-13 21:37:47,0.001255
83,786694,0.034124550000000003,21,DASH.main,0,2017-12-13T21:37:28Z,2017-12-13 21:37:28,0.0016249785714285716
84,786693,0.00447355,30,DASH.main,0,2017-12-13T21:34:29Z,2017-12-13 21:34:29,0.00014911833333333332
85,786692,0.00573169,11,DASH.main,0,2017-12-13T21:30:24Z,2017-12-13 21:30:24,0.0005210627272727274
86,786691,0.00190036,34,DASH.main,0,2017-12-13T21:29:32Z,2017-12-13 21:29:32,5.5892941176470594e-05
87,786690,0.014033100000000001,77,DASH.main,0,2017-12-13T21:24:17Z,2017-12-13 21:24:17,0.00018224805194805201
88,786689,0.00160253,8,DASH.main,0,2017-12-13T21:14:27Z,2017-12-13 21:14:27,0.00020031625
89,786688,0.00360553,13,DASH.main,0,2017-12-13T21:13:38Z,2017-12-13 21:13:38,0.0002773484615384616
90,786687,0.01563256,21,DASH.main,0,2017-12-13T21:11:15Z,2017-12-13 21:11:15,0.000744407619047619
91,786686,0.00014414,2,DASH.main,0,2017-12-13T21:09:23Z,2017-12-13 21:09:23,7.207e-05
92,786685,0.00498118,9,DASH.main,0,2017-12-13T21:09:17Z,2017-12-13 21:09:17,0.0005534644444444443
93,786684,0.00341445,9,DASH.main,0,2017-12-13T21:08:07Z,2017-12-13 21:08:07,0.0003793833333333333
94,786683,0.00568327,22,DASH.main,0,2017-12-13T21:07:25Z,2017-12-13 21:07:25,0.00025833045454545453
95,786682,0.00939891,47,DASH.main,0,2017-12-13T21:03:48Z,2017-12-13 21:03:48,0.0001999768085106383
96,786681,2.314e-05,2,DASH.main,0,2017-12-13T20:56:22Z,2017-12-13 20:56:22,1.157e-05
97,786680,0.00056826,10,DASH.main,0,2017-12-13T20:56:21Z,2017-12-13 20:56:21,5.6826e-05
98,786679,0.00019219999999999998,6,DASH.main,0,2017-12-13T20:55:16Z,2017-12-13 20:55:16,3.203333333333334e-05
99,786678,0.01882244,43,DASH.main,0,2017-12-13T20:53:56Z,2017-12-13 20:53:56,0.00043773116279069766
100,786677,0.00103905,8,DASH.main,0,2017-12-13T20:49:15Z,2017-12-13 20:49:15,0.00012988125000000002
101,786676,0.023694099999999996,65,DASH.main,0,2017-12-13T20:48:38Z,2017-12-13 20:48:38,0.00036452461538461536
102,786675,0.00103095,7,DASH.main,0,2017-12-13T20:42:01Z,2017-12-13 20:42:01,0.00014727857142857143
103,786674,0.00075205,10,DASH.main,0,2017-12-13T20:40:39Z,2017-12-13 20:40:39,7.5205e-05
104,786673,0.03370247,17,DASH.main,0,2017-12-13T20:39:50Z,2017-12-13 20:39:50,0.0019824982352941176
105,786672,0.00886287,19,DASH.main,0,2017-12-13T20:37:39Z,2017-12-13 20:37:39,0.0004664668421052632
106,786671,0.00067113,11,DASH.main,0,2017-12-13T20:36:04Z,2017-12-13 20:36:04,6.101181818181818e-05
107,786670,0.00110687,11,DASH.main,0,2017-12-13T20:34:20Z,2017-12-13 20:34:20,0.00010062454545454544
108,786669,0.00203265,17,DASH.main,0,2017-12-13T20:33:29Z,2017-12-13 20:33:29,0.00011956764705882352
109,786668,0.04560666,15,DASH.main,0,2017-12-13T20:31:35Z,2017-12-13 20:31:35,0.003040444
110,786667,0.00652811,43,DASH.main,0,2017-12-13T20:29:08Z,2017-12-13 20:29:08,0.00015181651162790704
111,786666,0.18353884,47,DASH.main,0,2017-12-13T20:24:18Z,2017-12-13 20:24:18,0.00390508170212766
112,786665,0.00917248,39,DASH.main,0,2017-12-13T20:17:43Z,2017-12-13 20:17:43,0.00023519179487179487
113,786664,0.00020965,3,DASH.main,0,2017-12-13T20:13:51Z,2017-12-13 20:13:51,6.988333333333333e-05
114,786663,0.01450354,56,DASH.main,0,2017-12-13T20:13:22Z,2017-12-13 20:13:22,0.0002589917857142857
115,786662,0.00014374,4,DASH.main,0,2017-12-13T20:04:53Z,2017-12-13 20:04:53,3.5935e-05
116,786661,0.00516966,10,DASH.main,0,2017-12-13T20:04:40Z,2017-12-13 20:04:40,0.000516966
117,786660,0.00028291,6,DASH.main,0,2017-12-13T20:03:28Z,2017-12-13 20:03:28,4.7151666666666664e-05
118,786659,0.00477828,13,DASH.main,0,2017-12-13T20:03:15Z,2017-12-13 20:03:15,0.00036756
119,786658,0.00697867,11,DASH.main,0,2017-12-13T20:01:58Z,2017-12-13 20:01:58,0.0006344245454545454
120,786657,0.0,1,DASH.main,0,2017-12-13T20:00:25Z,2017-12-13 20:00:25,0.0
121,786656,0.0028962700000000003,16,DASH.main,0,2017-12-13T20:00:21Z,2017-12-13 20:00:21,0.000181016875
0,786655,0.00068177,6,DASH.main,0,2017-12-13T19:56:52Z,2017-12-13 19:56:52,0.00011362833333333335
1,786654,0.00871787,10,DASH.main,0,2017-12-13T19:56:29Z,2017-12-13 19:56:29,0.0008717870000000001
2,786653,0.00024185,4,DASH.main,0,2017-12-13T19:55:13Z,2017-12-13 19:55:13,6.04625e-05
3,786652,0.16489478,44,DASH.main,0,2017-12-13T19:54:49Z,2017-12-13 19:54:49,0.0037476086363636358
4,786651,0.01448488,65,DASH.main,0,2017-12-13T19:50:07Z,2017-12-13 19:50:07,0.00022284430769230768
5,786650,0.00870233,31,DASH.main,0,2017-12-13T19:44:25Z,2017-12-13 19:44:25,0.0002807203225806451
6,786649,0.0018943,15,DASH.main,0,2017-12-13T19:40:56Z,2017-12-13 19:40:56,0.00012628666666666667
7,786648,0.00527332,40,DASH.main,0,2017-12-13T19:39:37Z,2017-12-13 19:39:37,0.00013183299999999998
8,786647,0.03516829,99,DASH.main,0,2017-12-13T19:35:44Z,2017-12-13 19:35:44,0.00035523525252525247
9,786646,0.00847504,53,DASH.main,0,2017-12-13T19:26:09Z,2017-12-13 19:26:09,0.00015990641509433962
10,786645,0.01562242,65,DASH.main,0,2017-12-13T19:20:03Z,2017-12-13 19:20:03,0.00024034492307692306
11,786644,0.00049789,8,DASH.main,0,2017-12-13T19:13:17Z,2017-12-13 19:13:17,6.223625e-05
12,786643,0.00456074,19,DASH.main,0,2017-12-13T19:12:55Z,2017-12-13 19:12:55,0.00024003894736842105
13,786642,0.13987185,48,DASH.main,0,2017-12-13T19:10:22Z,2017-12-13 19:10:22,0.002913996875
14,786641,0.0013383,6,DASH.main,0,2017-12-13T19:04:21Z,2017-12-13 19:04:21,0.00022305
15,786640,0.00417558,13,DASH.main,0,2017-12-13T19:03:55Z,2017-12-13 19:03:55,0.00032119846153846155
16,786639,0.00137572,5,DASH.main,0,2017-12-13T19:02:57Z,2017-12-13 19:02:57,0.000275144
17,786638,0.0032257,18,DASH.main,0,2017-12-13T19:02:24Z,2017-12-13 19:02:24,0.00017920555555555557
18,786637,0.03079152,71,DASH.main,0,2017-12-13T19:00:31Z,2017-12-13 19:00:31,0.0004336833802816901
0,786636,0.00582009,16,DASH.main,0,2017-12-13T18:53:53Z,2017-12-13 18:53:53,0.000363755625
1,786635,0.00892394,37,DASH.main,0,2017-12-13T18:52:16Z,2017-12-13 18:52:16,0.0002411875675675676
2,786634,0.00072216,9,DASH.main,0,2017-12-13T18:49:11Z,2017-12-13 18:49:11,8.024e-05
3,786633,0.05204671,113,DASH.main,0,2017-12-13T18:48:28Z,2017-12-13 18:48:28,0.00046059035398230086
4,786632,0.00074434,6,DASH.main,0,2017-12-13T18:36:27Z,2017-12-13 18:36:27,0.00012405666666666666
5,786631,0.008477600000000002,38,DASH.main,0,2017-12-13T18:35:51Z,2017-12-13 18:35:51,0.00022309473684210528
6,786630,0.00754143,14,DASH.main,0,2017-12-13T18:31:15Z,2017-12-13 18:31:15,0.0005386735714285714
7,786629,0.01002015,26,DASH.main,0,2017-12-13T18:29:52Z,2017-12-13 18:29:52,0.0003853903846153846
8,786628,0.00263527,16,DASH.main,0,2017-12-13T18:27:34Z,2017-12-13 18:27:34,0.000164704375
9,786627,0.00346907,10,DASH.main,0,2017-12-13T18:25:13Z,2017-12-13 18:25:13,0.000346907
10,786626,0.0,1,DASH.main,0,2017-12-13T18:24:08Z,2017-12-13 18:24:08,0.0
11,786625,0.00262825,16,DASH.main,0,2017-12-13T18:24:02Z,2017-12-13 18:24:02,0.000164265625
12,786624,1.004e-05,4,DASH.main,0,2017-12-13T18:21:46Z,2017-12-13 18:21:46,2.51e-06
13,786623,0.04541467,54,DASH.main,0,2017-12-13T18:21:43Z,2017-12-13 18:21:43,0.0008410124074074075
14,786622,0.00260831,12,DASH.main,0,2017-12-13T18:15:05Z,2017-12-13 18:15:05,0.00021735916666666664
15,786621,0.03244777,76,DASH.main,0,2017-12-13T18:14:03Z,2017-12-13 18:14:03,0.0004269443421052632
16,786620,0.03208996,40,DASH.main,0,2017-12-13T18:04:32Z,2017-12-13 18:04:32,0.000802249
17,786619,0.0068224800000000006,32,DASH.main,0,2017-12-13T18:00:13Z,2017-12-13 18:00:13,0.0002132025
18,786618,0.0001,2,DASH.main,0,2017-12-13T17:57:20Z,2017-12-13 17:57:20,5e-05
19,786617,0.0034768,10,DASH.main,0,2017-12-13T17:57:16Z,2017-12-13 17:57:16,0.00034768
20,786616,0.0,1,DASH.main,0,2017-12-13T17:56:16Z,2017-12-13 17:56:16,0.0
21,786615,0.00528862,30,DASH.main,0,2017-12-13T17:55:58Z,2017-12-13 17:55:58,0.00017628733333333336
22,786614,0.00022848,7,DASH.main,0,2017-12-13T17:53:14Z,2017-12-13 17:53:14,3.264e-05
23,786613,0.00824324,28,DASH.main,0,2017-12-13T17:52:26Z,2017-12-13 17:52:26,0.0002944014285714287
24,786612,0.03730705,43,DASH.main,0,2017-12-13T17:49:06Z,2017-12-13 17:49:06,0.0008676058139534884
25,786611,0.00653383,27,DASH.main,0,2017-12-13T17:44:19Z,2017-12-13 17:44:19,0.0002419937037037037
26,786610,0.014548400000000001,20,DASH.main,0,2017-12-13T17:40:55Z,2017-12-13 17:40:55,0.00072742
27,786609,0.0,1,DASH.main,0,2017-12-13T17:39:44Z,2017-12-13 17:39:44,0.0
28,786608,0.00250703,13,DASH.main,0,2017-12-13T17:39:40Z,2017-12-13 17:39:40,0.00019284846153846152
29,786607,0.00092213,15,DASH.main,0,2017-12-13T17:38:35Z,2017-12-13 17:38:35,6.147533333333334e-05
30,786606,0.00309407,18,DASH.main,0,2017-12-13T17:37:00Z,2017-12-13 17:37:00,0.00017189277777777777
31,786605,0.00476291,34,DASH.main,0,2017-12-13T17:35:45Z,2017-12-13 17:35:45,0.0001400855882352941
32,786604,2.314e-05,3,DASH.main,0,2017-12-13T17:31:32Z,2017-12-13 17:31:32,7.713333333333335e-06
33,786603,0.0503041,104,DASH.main,0,2017-12-13T17:31:13Z,2017-12-13 17:31:13,0.00048369326923076924
34,786602,0.00236408,5,DASH.main,0,2017-12-13T17:19:38Z,2017-12-13 17:19:38,0.000472816
35,786601,0.00118186,5,DASH.main,0,2017-12-13T17:18:37Z,2017-12-13 17:18:37,0.000236372
36,786600,0.00476107,10,DASH.main,0,2017-12-13T17:18:17Z,2017-12-13 17:18:17,0.000476107
37,786599,8.404e-05,4,DASH.main,0,2017-12-13T17:16:55Z,2017-12-13 17:16:55,2.101e-05
38,786598,0.00027774,6,DASH.main,0,2017-12-13T17:16:34Z,2017-12-13 17:16:34,4.629e-05
39,786597,0.00145227,5,DASH.main,0,2017-12-13T17:15:58Z,2017-12-13 17:15:58,0.000290454
40,786596,0.00226766,20,DASH.main,0,2017-12-13T17:15:18Z,2017-12-13 17:15:18,0.000113383
41,786595,0.04381875,20,DASH.main,0,2017-12-13T17:13:22Z,2017-12-13 17:13:22,0.0021909375
42,786594,2.539e-05,3,DASH.main,0,2017-12-13T17:11:00Z,2017-12-13 17:11:00,8.463333333333332e-06
43,786593,0.01554667,20,DASH.main,0,2017-12-13T17:10:51Z,2017-12-13 17:10:51,0.0007773335
44,786592,0.0011477,14,DASH.main,0,2017-12-13T17:09:35Z,2017-12-13 17:09:35,8.197857142857143e-05
45,786591,0.00416024,20,DASH.main,0,2017-12-13T17:08:28Z,2017-12-13 17:08:28,0.000208012
46,786590,0.01248611,26,DASH.main,0,2017-12-13T17:06:30Z,2017-12-13 17:06:30,0.000480235
47,786589,0.003045,6,DASH.main,0,2017-12-13T17:04:00Z,2017-12-13 17:04:00,0.0005075
48,786588,5.661e-05,3,DASH.main,0,2017-12-13T17:03:22Z,2017-12-13 17:03:22,1.887e-05
49,786587,0.00092888,10,DASH.main,0,2017-12-13T17:02:53Z,2017-12-13 17:02:53,9.2888e-05
50,786586,0.02404964,68,DASH.main,0,2017-12-13T17:02:19Z,2017-12-13 17:02:19,0.0003536711764705882
0,786585,0.00260245,15,DASH.main,0,2017-12-13T16:55:14Z,2017-12-13 16:55:14,0.00017349666666666668
1,786584,0.031912130000000004,9,DASH.main,0,2017-12-13T16:54:23Z,2017-12-13 16:54:23,0.0035457922222222227
2,786583,0.00516385,17,DASH.main,0,2017-12-13T16:53:20Z,2017-12-13 16:53:20,0.0003037558823529412
3,786582,0.0,1,DASH.main,0,2017-12-13T16:52:32Z,2017-12-13 16:52:32,0.0
4,786581,0.01617989,25,DASH.main,0,2017-12-13T16:52:16Z,2017-12-13 16:52:16,0.0006471955999999999
5,786580,0.00636221,25,DASH.main,0,2017-12-13T16:50:13Z,2017-12-13 16:50:13,0.0002544884
6,786579,0.0,1,DASH.main,0,2017-12-13T16:47:34Z,2017-12-13 16:47:34,0.0
7,786578,0.00459879,13,DASH.main,0,2017-12-13T16:47:23Z,2017-12-13 16:47:23,0.00035375307692307696
8,786577,0.00085645,25,DASH.main,0,2017-12-13T16:45:43Z,2017-12-13 16:45:43,3.4258e-05
9,786576,0.00549414,40,DASH.main,0,2017-12-13T16:44:53Z,2017-12-13 16:44:53,0.0001373535
10,786575,0.02126777,69,DASH.main,0,2017-12-13T16:41:29Z,2017-12-13 16:41:29,0.00030822855072463773
11,786574,0.00992858,45,DASH.main,0,2017-12-13T16:32:58Z,2017-12-13 16:32:58,0.0002206351111111111
12,786573,0.00600626,18,DASH.main,0,2017-12-13T16:31:30Z,2017-12-13 16:31:30,0.0003336811111111112
13,786572,0.0025717,13,DASH.main,0,2017-12-13T16:29:42Z,2017-12-13 16:29:42,0.00019782307692307687
14,786571,0.01389412,51,DASH.main,0,2017-12-13T16:28:06Z,2017-12-13 16:28:06,0.0002724337254901961
15,786570,0.00548374,31,DASH.main,0,2017-12-13T16:22:14Z,2017-12-13 16:22:14,0.00017689483870967742
16,786569,2.541e-05,4,DASH.main,0,2017-12-13T16:18:47Z,2017-12-13 16:18:47,6.3525e-06
17,786568,0.02037244,63,DASH.main,0,2017-12-13T16:18:38Z,2017-12-13 16:18:38,0.0003233720634920636
18,786567,0.00280278,16,DASH.main,0,2017-12-13T16:11:08Z,2017-12-13 16:11:08,0.00017517375
19,786566,0.0049652,6,DASH.main,0,2017-12-13T16:09:23Z,2017-12-13 16:09:23,0.0008275333333333334
20,786565,0.02178851,96,DASH.main,0,2017-12-13T16:08:39Z,2017-12-13 16:08:39,0.0002269636458333333
21,786564,0.00734743,19,DASH.main,0,2017-12-13T15:58:23Z,2017-12-13 15:58:23,0.0003867068421052632
22,786563,0.00342136,28,DASH.main,0,2017-12-13T15:57:10Z,2017-12-13 15:57:10,0.00012219142857142857
23,786562,0.00668161,19,DASH.main,0,2017-12-13T15:54:19Z,2017-12-13 15:54:19,0.00035166368421052634
24,786561,0.00851214,35,DASH.main,0,2017-12-13T15:52:13Z,2017-12-13 15:52:13,0.000243204
25,786560,0.00642993,18,DASH.main,0,2017-12-13T15:48:21Z,2017-12-13 15:48:21,0.0003572183333333333
26,786559,0.01061779,30,DASH.main,0,2017-12-13T15:46:01Z,2017-12-13 15:46:01,0.0003539263333333333
27,786558,0.00119209,11,DASH.main,0,2017-12-13T15:43:11Z,2017-12-13 15:43:11,0.0001083718181818182
28,786557,0.0039271,16,DASH.main,0,2017-12-13T15:42:20Z,2017-12-13 15:42:20,0.00024544375
29,786556,0.0021889,13,DASH.main,0,2017-12-13T15:40:20Z,2017-12-13 15:40:20,0.0001683769230769231
30,786555,0.00121766,14,DASH.main,0,2017-12-13T15:39:16Z,2017-12-13 15:39:16,8.697571428571429e-05
31,786554,0.00881174,42,DASH.main,0,2017-12-13T15:38:02Z,2017-12-13 15:38:02,0.00020980333333333326
32,786553,0.00163425,7,DASH.main,0,2017-12-13T15:35:13Z,2017-12-13 15:35:13,0.00023346428571428569
33,786552,0.00165502,3,DASH.main,0,2017-12-13T15:34:29Z,2017-12-13 15:34:29,0.0005516733333333334
34,786551,0.000113,2,DASH.main,0,2017-12-13T15:33:35Z,2017-12-13 15:33:35,5.650000000000001e-05
35,786550,0.017026,3,DASH.main,0,2017-12-13T15:33:29Z,2017-12-13 15:33:29,0.005675333333333333
36,786549,0.000746,2,DASH.main,0,2017-12-13T15:33:09Z,2017-12-13 15:33:09,0.000373
37,786548,0.02048876,32,DASH.main,0,2017-12-13T15:33:05Z,2017-12-13 15:33:05,0.00064027375
38,786547,0.0444821,30,DASH.main,0,2017-12-13T15:30:03Z,2017-12-13 15:30:03,0.0014827366666666669
39,786546,0.06198049,13,DASH.main,0,2017-12-13T15:26:12Z,2017-12-13 15:26:12,0.00476773
40,786545,0.00060228,8,DASH.main,0,2017-12-13T15:24:56Z,2017-12-13 15:24:56,7.5285e-05
41,786544,0.00505655,15,DASH.main,0,2017-12-13T15:24:18Z,2017-12-13 15:24:18,0.0003371033333333333
42,786543,0.00047654,8,DASH.main,0,2017-12-13T15:22:16Z,2017-12-13 15:22:16,5.95675e-05
43,786542,0.028691700000000007,110,DASH.main,0,2017-12-13T15:21:36Z,2017-12-13 15:21:36,0.0002608336363636364
44,786541,0.0002407,3,DASH.main,0,2017-12-13T15:13:08Z,2017-12-13 15:13:08,8.023333333333334e-05
45,786540,0.04814801,93,DASH.main,0,2017-12-13T15:12:45Z,2017-12-13 15:12:45,0.0005177205376344086
46,786539,0.03307729,126,DASH.main,0,2017-12-13T15:01:28Z,2017-12-13 15:01:28,0.00026251817460317463
47,786538,0.00734274,18,DASH.main,0,2017-12-13T14:52:17Z,2017-12-13 14:52:17,0.00040793
48,786537,0.00849395,56,DASH.main,0,2017-12-13T14:50:20Z,2017-12-13 14:50:20,0.00015167767857142859
49,786536,0.00145625,17,DASH.main,0,2017-12-13T14:44:28Z,2017-12-13 14:44:28,8.566176470588236e-05
50,786535,0.03551067,94,DASH.main,0,2017-12-13T14:42:06Z,2017-12-13 14:42:06,0.000377773085106383
51,786534,0.00132819,14,DASH.main,0,2017-12-13T14:30:17Z,2017-12-13 14:30:17,9.487071428571428e-05
52,786533,0.00330473,50,DASH.main,0,2017-12-13T14:29:27Z,2017-12-13 14:29:27,6.60946e-05
53,786532,0.0016247,25,DASH.main,0,2017-12-13T14:26:53Z,2017-12-13 14:26:53,6.4988e-05
54,786531,0.00537889,45,DASH.main,0,2017-12-13T14:24:15Z,2017-12-13 14:24:15,0.00011953088888888889
55,786530,0.0,1,DASH.main,0,2017-12-13T14:22:16Z,2017-12-13 14:22:16,0.0
56,786529,0.1373002,51,DASH.main,0,2017-12-13T14:22:02Z,2017-12-13 14:22:02,0.002692160784313727
57,786528,0.00215916,3,DASH.main,0,2017-12-13T14:15:48Z,2017-12-13 14:15:48,0.0007197200000000001
58,786527,0.01133769,34,DASH.main,0,2017-12-13T14:15:37Z,2017-12-13 14:15:37,0.00033346147058823533
59,786526,0.00025824,5,DASH.main,0,2017-12-13T14:11:52Z,2017-12-13 14:11:52,5.1648000000000004e-05
60,786525,0.0010890000000000001,5,DASH.main,0,2017-12-13T14:11:07Z,2017-12-13 14:11:07,0.00021780000000000004
61,786524,0.000665,4,DASH.main,0,2017-12-13T14:10:46Z,2017-12-13 14:10:46,0.00016625
62,786523,0.00787582,26,DASH.main,0,2017-12-13T14:10:20Z,2017-12-13 14:10:20,0.00030291615384615383
63,786522,0.04660769,48,DASH.main,0,2017-12-13T14:08:09Z,2017-12-13 14:08:09,0.0009709935416666668
64,786521,0.0,1,DASH.main,0,2017-12-13T14:03:33Z,2017-12-13 14:03:33,0.0
65,786520,0.0013606,3,DASH.main,0,2017-12-13T14:03:30Z,2017-12-13 14:03:30,0.0004535333333333333
66,786519,0.00136041,10,DASH.main,0,2017-12-13T14:03:20Z,2017-12-13 14:03:20,0.000136041
67,786518,0.0055586,25,DASH.main,0,2017-12-13T14:02:16Z,2017-12-13 14:02:16,0.00022234400000000002
68,786517,0.0002374,3,DASH.main,0,2017-12-13T14:00:01Z,2017-12-13 14:00:01,7.913333333333334e-05
69,786516,0.00735899,30,DASH.main,0,2017-12-13T13:59:34Z,2017-12-13 13:59:34,0.0002452996666666667
70,786515,0.02059421,51,DASH.main,0,2017-12-13T13:56:42Z,2017-12-13 13:56:42,0.00040380803921568633
71,786514,0.00146745,9,DASH.main,0,2017-12-13T13:51:25Z,2017-12-13 13:51:25,0.00016305
72,786513,0.00861675,27,DASH.main,0,2017-12-13T13:50:36Z,2017-12-13 13:50:36,0.0003191388888888889
73,786512,0.0165,4,DASH.main,0,2017-12-13T13:48:04Z,2017-12-13 13:48:04,0.004125
74,786511,0.01071508,15,DASH.main,0,2017-12-13T13:47:51Z,2017-12-13 13:47:51,0.0007143386666666668
75,786510,0.01013857,25,DASH.main,0,2017-12-13T13:46:17Z,2017-12-13 13:46:17,0.0004055428
76,786509,0.007686,4,DASH.main,0,2017-12-13T13:43:40Z,2017-12-13 13:43:40,0.0019215
77,786508,0.00183966,12,DASH.main,0,2017-12-13T13:43:13Z,2017-12-13 13:43:13,0.000153305
78,786507,0.02577574,15,DASH.main,0,2017-12-13T13:42:25Z,2017-12-13 13:42:25,0.0017183826666666668
79,786506,2.516e-05,4,DASH.main,0,2017-12-13T13:41:04Z,2017-12-13 13:41:04,6.29e-06
80,786505,0.00684139,32,DASH.main,0,2017-12-13T13:40:18Z,2017-12-13 13:40:18,0.0002137934375
81,786504,0.04213144,112,DASH.main,0,2017-12-13T13:36:27Z,2017-12-13 13:36:27,0.00037617357142857134
82,786503,0.02037767,51,DASH.main,0,2017-12-13T13:23:48Z,2017-12-13 13:23:48,0.00039956215686274513
83,786502,0.01349868,56,DASH.main,0,2017-12-13T13:17:31Z,2017-12-13 13:17:31,0.0002410478571428572
84,786501,0.000213,3,DASH.main,0,2017-12-13T13:12:05Z,2017-12-13 13:12:05,7.099999999999999e-05
85,786500,0.00385154,19,DASH.main,0,2017-12-13T13:11:47Z,2017-12-13 13:11:47,0.00020271263157894736
86,786499,0.0127436,13,DASH.main,0,2017-12-13T13:10:20Z,2017-12-13 13:10:20,0.000980276923076923
87,786498,0.07132441,60,DASH.main,0,2017-12-13T13:09:03Z,2017-12-13 13:09:03,0.0011887401666666668
88,786497,0.00179787,10,DASH.main,0,2017-12-13T13:01:34Z,2017-12-13 13:01:34,0.00017978700000000002
89,786496,0.00260354,12,DASH.main,0,2017-12-13T13:00:39Z,2017-12-13 13:00:39,0.00021696166666666667
90,786495,0.00537524,28,DASH.main,0,2017-12-13T12:59:52Z,2017-12-13 12:59:52,0.00019197285714285715
91,786494,0.00382094,25,DASH.main,0,2017-12-13T12:57:22Z,2017-12-13 12:57:22,0.0001528376
92,786493,0.00315985,21,DASH.main,0,2017-12-13T12:54:49Z,2017-12-13 12:54:49,0.00015046904761904762
93,786492,0.08766575,86,DASH.main,0,2017-12-13T12:53:25Z,2017-12-13 12:53:25,0.0010193691860465118
94,786491,0.01306136,21,DASH.main,0,2017-12-13T12:42:18Z,2017-12-13 12:42:18,0.0006219695238095239
95,786490,0.00118087,5,DASH.main,0,2017-12-13T12:39:53Z,2017-12-13 12:39:53,0.00023617400000000002
96,786489,0.15859503,40,DASH.main,0,2017-12-13T12:39:13Z,2017-12-13 12:39:13,0.00396487575
97,786488,0.01013683,5,DASH.main,0,2017-12-13T12:34:26Z,2017-12-13 12:34:26,0.002027366
98,786487,0.0001,2,DASH.main,0,2017-12-13T12:34:02Z,2017-12-13 12:34:02,5e-05
99,786486,0.04329008,116,DASH.main,0,2017-12-13T12:34:00Z,2017-12-13 12:34:00,0.00037319034482758616
100,786485,0.0033563000000000004,9,DASH.main,0,2017-12-13T12:20:18Z,2017-12-13 12:20:18,0.00037292222222222216
101,786484,0.01042391,41,DASH.main,0,2017-12-13T12:19:08Z,2017-12-13 12:19:08,0.0002542417073170732
102,786483,0.01134196,8,DASH.main,0,2017-12-13T12:13:36Z,2017-12-13 12:13:36,0.001417745
103,786482,0.13932553,26,DASH.main,0,2017-12-13T12:13:13Z,2017-12-13 12:13:13,0.005358674230769231
104,786481,0.01900317,54,DASH.main,0,2017-12-13T12:08:26Z,2017-12-13 12:08:26,0.0003519105555555556
105,786480,0.00697719,30,DASH.main,0,2017-12-13T12:01:30Z,2017-12-13 12:01:30,0.000232573
106,786479,0.001848,5,DASH.main,0,2017-12-13T11:57:46Z,2017-12-13 11:57:46,0.0003696
107,786478,0.00466756,17,DASH.main,0,2017-12-13T11:57:09Z,2017-12-13 11:57:09,0.0002745623529411765
108,786477,0.0018991,17,DASH.main,0,2017-12-13T11:55:17Z,2017-12-13 11:55:17,0.00011171176470588235
109,786476,0.00957712,44,DASH.main,0,2017-12-13T11:53:42Z,2017-12-13 11:53:42,0.00021766181818181816
110,786475,0.0,1,DASH.main,0,2017-12-13T11:47:11Z,2017-12-13 11:47:11,0.0
111,786474,0.00171067,8,DASH.main,0,2017-12-13T11:47:09Z,2017-12-13 11:47:09,0.00021383375
112,786473,0.00219003,11,DASH.main,0,2017-12-13T11:46:37Z,2017-12-13 11:46:37,0.00019909363636363641
113,786472,0.04543631,47,DASH.main,0,2017-12-13T11:44:41Z,2017-12-13 11:44:41,0.00096673
114,786471,0.00294214,7,DASH.main,0,2017-12-13T11:38:55Z,2017-12-13 11:38:55,0.00042030571428571434
115,786470,0.00214263,15,DASH.main,0,2017-12-13T11:37:43Z,2017-12-13 11:37:43,0.000142842
116,786469,0.00725963,16,DASH.main,0,2017-12-13T11:35:59Z,2017-12-13 11:35:59,0.000453726875
117,786468,0.00624137,8,DASH.main,0,2017-12-13T11:35:03Z,2017-12-13 11:35:03,0.00078017125
118,786467,0.00786731,14,DASH.main,0,2017-12-13T11:34:30Z,2017-12-13 11:34:30,0.0005619507142857143
119,786466,0.03998492,50,DASH.main,0,2017-12-13T11:34:10Z,2017-12-13 11:34:10,0.0007996984
120,786465,0.01852514,32,DASH.main,0,2017-12-13T11:30:03Z,2017-12-13 11:30:03,0.000578910625
121,786464,0.01493967,27,DASH.main,0,2017-12-13T11:26:45Z,2017-12-13 11:26:45,0.0005533211111111114
122,786463,8.115000000000001e-05,4,DASH.main,0,2017-12-13T11:22:42Z,2017-12-13 11:22:42,2.02875e-05
123,786462,0.00152539,10,DASH.main,0,2017-12-13T11:22:11Z,2017-12-13 11:22:11,0.00015253899999999998
124,786461,0.01363555,7,DASH.main,0,2017-12-13T11:20:57Z,2017-12-13 11:20:57,0.0019479357142857144
125,786460,0.017621770000000002,29,DASH.main,0,2017-12-13T11:20:14Z,2017-12-13 11:20:14,0.0006076472413793102
126,786459,0.0,1,DASH.main,0,2017-12-13T11:15:36Z,2017-12-13 11:15:36,0.0
127,786458,0.01333006,50,DASH.main,0,2017-12-13T11:15:15Z,2017-12-13 11:15:15,0.0002666012
128,786457,0.01455973,55,DASH.main,0,2017-12-13T11:08:48Z,2017-12-13 11:08:48,0.00026472236363636365
129,786456,0.00202147,11,DASH.main,0,2017-12-13T11:02:39Z,2017-12-13 11:02:39,0.00018377
130,786455,0.03735805,40,DASH.main,0,2017-12-13T11:00:42Z,2017-12-13 11:00:42,0.00093395125
131,786454,0.01935911,32,DASH.main,0,2017-12-13T10:56:05Z,2017-12-13 10:56:05,0.0006049721875
132,786453,0.00382273,13,DASH.main,0,2017-12-13T10:51:32Z,2017-12-13 10:51:32,0.0002940561538461538
133,786452,0.00348103,9,DASH.main,0,2017-12-13T10:50:28Z,2017-12-13 10:50:28,0.0003867811111111112
134,786451,0.00178812,10,DASH.main,0,2017-12-13T10:49:33Z,2017-12-13 10:49:33,0.000178812
135,786450,0.07594730000000001,44,DASH.main,0,2017-12-13T10:48:57Z,2017-12-13 10:48:57,0.001726075
136,786449,0.0270279,12,DASH.main,0,2017-12-13T10:43:02Z,2017-12-13 10:43:02,0.002252325
137,786448,0.02211827,21,DASH.main,0,2017-12-13T10:40:27Z,2017-12-13 10:40:27,0.0010532509523809522
138,786447,0.03505809,66,DASH.main,0,2017-12-13T10:37:20Z,2017-12-13 10:37:20,0.0005311831818181819
139,786446,0.0141858,11,DASH.main,0,2017-12-13T10:28:00Z,2017-12-13 10:28:00,0.0012896181818181818
140,786445,0.0,1,DASH.main,0,2017-12-13T10:27:28Z,2017-12-13 10:27:28,0.0
141,786444,0.0005237,5,DASH.main,0,2017-12-13T10:27:25Z,2017-12-13 10:27:25,0.00010474
142,786443,0.01423139,27,DASH.main,0,2017-12-13T10:26:59Z,2017-12-13 10:26:59,0.0005270885185185185
143,786442,3.263e-05,4,DASH.main,0,2017-12-13T10:23:31Z,2017-12-13 10:23:31,8.1575e-06
144,786441,0.00094967,7,DASH.main,0,2017-12-13T10:23:10Z,2017-12-13 10:23:10,0.00013566714285714285
145,786440,0.00209806,8,DASH.main,0,2017-12-13T10:22:34Z,2017-12-13 10:22:34,0.0002622575
146,786439,0.00582829,26,DASH.main,0,2017-12-13T10:21:31Z,2017-12-13 10:21:31,0.000224165
147,786438,0.01008445,5,DASH.main,0,2017-12-13T10:17:38Z,2017-12-13 10:17:38,0.00201689
148,786437,0.00216105,5,DASH.main,0,2017-12-13T10:16:16Z,2017-12-13 10:16:16,0.00043221
149,786436,0.01030554,8,DASH.main,0,2017-12-13T10:15:39Z,2017-12-13 10:15:39,0.0012881925
150,786435,0.00114,3,DASH.main,0,2017-12-13T10:14:48Z,2017-12-13 10:14:48,0.00037999999999999997
151,786434,0.0010712,10,DASH.main,0,2017-12-13T10:14:16Z,2017-12-13 10:14:16,0.00010712
152,786433,0.00122314,6,DASH.main,0,2017-12-13T10:13:41Z,2017-12-13 10:13:41,0.00020385666666666665
153,786432,0.00157514,5,DASH.main,0,2017-12-13T10:12:54Z,2017-12-13 10:12:54,0.000315028
154,786431,0.0014577,3,DASH.main,0,2017-12-13T10:12:34Z,2017-12-13 10:12:34,0.0004859
155,786430,0.00565604,23,DASH.main,0,2017-12-13T10:12:17Z,2017-12-13 10:12:17,0.00024591478260869564
156,786429,0.02784028,18,DASH.main,0,2017-12-13T10:10:13Z,2017-12-13 10:10:13,0.0015466822222222224
157,786428,0.04039992,102,DASH.main,0,2017-12-13T10:07:39Z,2017-12-13 10:07:39,0.0003960776470588235
158,786427,0.12080593,34,DASH.main,0,2017-12-13T09:55:07Z,2017-12-13 09:55:07,0.0035531155882352937
159,786426,0.00016578,5,DASH.main,0,2017-12-13T09:50:17Z,2017-12-13 09:50:17,3.3156e-05
160,786425,0.00552322,14,DASH.main,0,2017-12-13T09:49:53Z,2017-12-13 09:49:53,0.0003945157142857143
161,786424,0.04350005,27,DASH.main,0,2017-12-13T09:48:52Z,2017-12-13 09:48:52,0.0016111129629629627
162,786423,0.04796903,50,DASH.main,0,2017-12-13T09:45:57Z,2017-12-13 09:45:57,0.0009593806
163,786422,0.02681661,56,DASH.main,0,2017-12-13T09:41:07Z,2017-12-13 09:41:07,0.00047886803571428566
164,786421,0.0,1,DASH.main,0,2017-12-13T09:34:10Z,2017-12-13 09:34:10,0.0
165,786420,0.0007059999999999999,4,DASH.main,0,2017-12-13T09:34:06Z,2017-12-13 09:34:06,0.00017649999999999998
166,786419,0.26052277,65,DASH.main,0,2017-12-13T09:33:47Z,2017-12-13 09:33:47,0.0040080426153846155
167,786418,0.01384867,126,DASH.main,0,2017-12-13T09:24:30Z,2017-12-13 09:24:30,0.00010991007936507935
168,786417,0.00793552,27,DASH.main,0,2017-12-13T09:20:51Z,2017-12-13 09:20:51,0.00029390814814814816
169,786416,0.03051687,54,DASH.main,0,2017-12-13T09:17:47Z,2017-12-13 09:17:47,0.0005651272222222223
170,786415,0.01026015,11,DASH.main,0,2017-12-13T09:10:36Z,2017-12-13 09:10:36,0.0009327409090909091
171,786414,0.0009480000000000001,3,DASH.main,0,2017-12-13T09:09:37Z,2017-12-13 09:09:37,0.00031600000000000004
172,786413,0.00628147,8,DASH.main,0,2017-12-13T09:09:34Z,2017-12-13 09:09:34,0.00078518375
173,786412,0.13,2,DASH.main,0,2017-12-13T09:08:35Z,2017-12-13 09:08:35,0.065
174,786411,0.00123551,5,DASH.main,0,2017-12-13T09:08:32Z,2017-12-13 09:08:32,0.000247102
175,786410,0.00175132,7,DASH.main,0,2017-12-13T09:08:06Z,2017-12-13 09:08:06,0.00025018857142857144
176,786409,0.03967669,57,DASH.main,0,2017-12-13T09:07:11Z,2017-12-13 09:07:11,0.0006960822807017544
177,786408,0.0014856,12,DASH.main,0,2017-12-13T09:01:07Z,2017-12-13 09:01:07,0.0001238
178,786407,0.01948381,21,DASH.main,0,2017-12-13T08:59:17Z,2017-12-13 08:59:17,0.0009278004761904764
179,786406,0.02450168,22,DASH.main,0,2017-12-13T08:56:55Z,2017-12-13 08:56:55,0.0011137127272727273
180,786405,0.00183306,31,DASH.main,0,2017-12-13T08:54:28Z,2017-12-13 08:54:28,5.913096774193549e-05
181,786404,0.00016923,6,DASH.main,0,2017-12-13T08:51:23Z,2017-12-13 08:51:23,2.8205e-05
182,786403,0.00528579,26,DASH.main,0,2017-12-13T08:51:02Z,2017-12-13 08:51:02,0.00020329961538461536
183,786402,0.02023765,47,DASH.main,0,2017-12-13T08:47:02Z,2017-12-13 08:47:02,0.0004305882978723404
184,786401,0.01349829,21,DASH.main,0,2017-12-13T08:41:13Z,2017-12-13 08:41:13,0.0006427757142857143
