,Price,Market Capitalization,Transactions last 24h,Sent last 24h,Blocks last 24h,Reward last 24h,Active Addresses last 24h,First Block,Reddit subscribers,Tweets per day,Github stars
Bitcoin,17073.65,285562385650.0,405358.0,3207058.0,168.0,45949411.92,988811.0,2009-01-09,532436.0,113215.0,21589.0
Ethereum,681.19,65607462838.0,908466.0,11860202.0,5673.0,15091205.26,619471.0,2015-07-30,193124.0,19909.0,10080.0
Bitcoin Cash,1593.52,26835225103.0,21951.0,1674379.0,152.0,3031647.38,50026.0,2017-08-01,15352.0,0.0,348.0
Litecoin,314.54,17074435706.0,157522.0,37315893.0,583.0,4730191.82,360277.0,2011-10-08,121243.0,29743.0,2202.0
Dash,926.88,7185246982.0,13939.0,317901.0,546.0,1823388.13,54486.0,2014-01-19,14456.0,2109.0,738.0
Monero,321.14,4968808500.0,8040.0,0.0,725.0,1374504.22,0.0,2014-04-18,56848.0,1229.0,1691.0
Bitcoin Gold,277.4,4657741906.0,7094.0,282503.0,151.0,524162.71,24235.0,2017-10-25,637.0,0.0,431.0
Ethereum Classic,31.03,3057236974.0,56288.0,9397353.0,5943.0,961523.9,35363.0,2015-07-30,10344.0,255.0,186.0
Zcash,403.85,1141111992.0,12535.0,0.0,579.0,2925282.57,0.0,2016-10-28,7927.0,546.0,3092.0
Dogecoin,0.0036,406825674.0,25979.0,33215471422.0,1377.0,49978.92,50129.0,2013-12-08,85064.0,709.0,1457.0
Vertcoin,8.19,344307263.0,8461.0,21199859.0,527.0,108186.42,22086.0,2014-01-10,25831.0,361.0,192.0
Peercoin,3.96,97144372.0,701.0,633001.0,200.0,2979.18,1014.0,2012-08-19,4307.0,118.0,331.0
Feathercoin,0.431,76059504.0,1692.0,1475426.0,1375.0,23736.98,2718.0,2013-04-16,4422.0,16.0,94.0
Namecoin,3.6,52390936.0,344.0,367032.0,166.0,14967.11,4267.0,2011-04-19,3316.0,7.0,223.0
Reddcoin,0.0015,44160194.0,2253.0,3217220191.0,1367.0,2155.37,2130.0,2014-01-26,26271.0,79.0,170.0
Blackcoin,0.417,31943093.0,1983.0,2282509.0,1283.0,804.29,1444.0,2014-02-24,7314.0,17.0,44.0
Auroracoin,1.41,22034236.0,667.0,87404.0,1526.0,5360.92,852.0,2014-01-24,812.0,11.0,6.0
Novacoin,6.7,13614910.0,258.0,19656.0,162.0,229.76,255.0,2013-02-09,162.0,2.0,58.0
Quarkcoin,0.017,4281965.0,166.0,704697.0,3814.0,-209.0,202.0,2013-07-21,2215.0,2.0,9.0
Megacoin,0.051,1865229.0,78.0,25843.0,547.0,350.26,110.0,2013-06-01,404.0,1.0,24.0
